Ano do retorno,Retorno
2017,0.130912909535190664884835107
2018,0.124624022413535351730989308
2019,0.117015971785391618938077980
2020,0.083442677743971969691027192
