{"N de empresas com 2 ou mais mulheres no conselho de administracao":{"2Q2016":31,"3Q2016":30,"4Q2016":28,"1Q2017":34,"2Q2017":33,"3Q2017":36,"4Q2017":39,"1Q2018":40,"2Q2018":42,"3Q2018":40,"4Q2018":43,"1Q2019":43,"2Q2019":43,"3Q2019":41,"4Q2019":47,"1Q2020":46,"2Q2020":50,"3Q2020":55,"4Q2020":56,"1Q2021":65},"% de empresas com 2 ou mais mulheres no conselho de administracao":{"2Q2016":11.4391143911,"3Q2016":11.1940298507,"4Q2016":10.4089219331,"1Q2017":12.1428571429,"2Q2017":12.3595505618,"3Q2017":12.9963898917,"4Q2017":13.8790035587,"1Q2018":14.3884892086,"2Q2018":15.5555555556,"3Q2018":14.652014652,"4Q2018":15.5797101449,"1Q2019":15.6363636364,"2Q2019":15.8671586716,"3Q2019":15.4135338346,"4Q2019":17.3431734317,"1Q2020":17.1003717472,"2Q2020":18.5873605948,"3Q2020":19.3661971831,"4Q2020":19.2439862543,"1Q2021":21.3815789474}}