{"N de empresas com mais de 2 mulheres no segmento Bolsa":{"2Q2016":14,"3Q2016":13,"4Q2016":12,"1Q2017":16,"2Q2017":12,"3Q2017":15,"4Q2017":15,"1Q2018":14,"2Q2018":11,"3Q2018":12,"4Q2018":14,"1Q2019":15,"2Q2019":18,"3Q2019":17,"4Q2019":19,"1Q2020":19,"2Q2020":18,"3Q2020":19,"4Q2020":17,"1Q2021":19},"N de empresas com mais de 2 mulheres no segmento Nivel 1":{"2Q2016":1,"3Q2016":2,"4Q2016":2,"1Q2017":2,"2Q2017":4,"3Q2017":4,"4Q2017":5,"1Q2018":3,"2Q2018":4,"3Q2018":3,"4Q2018":4,"1Q2019":3,"2Q2019":2,"3Q2019":2,"4Q2019":3,"1Q2020":3,"2Q2020":3,"3Q2020":3,"4Q2020":3,"1Q2021":3},"N de empresas com mais de 2 mulheres no segmento Nivel 2":{"2Q2016":2,"3Q2016":2,"4Q2016":2,"1Q2017":4,"2Q2017":3,"3Q2017":3,"4Q2017":3,"1Q2018":4,"2Q2018":4,"3Q2018":4,"4Q2018":3,"1Q2019":4,"2Q2019":3,"3Q2019":4,"4Q2019":5,"1Q2020":5,"2Q2020":6,"3Q2020":4,"4Q2020":4,"1Q2021":5},"N de empresas com mais de 2 mulheres no segmento Novo Mercado":{"2Q2016":14,"3Q2016":13,"4Q2016":12,"1Q2017":12,"2Q2017":14,"3Q2017":14,"4Q2017":16,"1Q2018":18,"2Q2018":22,"3Q2018":20,"4Q2018":21,"1Q2019":20,"2Q2019":20,"3Q2019":18,"4Q2019":20,"1Q2020":19,"2Q2020":23,"3Q2020":29,"4Q2020":32,"1Q2021":38},"N de empresas com mais de 2 mulheres no segmento Bovespa Mais":{"2Q2016":0,"3Q2016":0,"4Q2016":0,"1Q2017":0,"2Q2017":0,"3Q2017":0,"4Q2017":0,"1Q2018":1,"2Q2018":1,"3Q2018":1,"4Q2018":1,"1Q2019":1,"2Q2019":0,"3Q2019":0,"4Q2019":0,"1Q2020":0,"2Q2020":0,"3Q2020":0,"4Q2020":0,"1Q2021":0},"% de empresas com mais de 2 mulheres no segmento Bolsa":{"2Q2016":14.7368421053,"3Q2016":13.5416666667,"4Q2016":12.5,"1Q2017":15.3846153846,"2Q2017":12.7659574468,"3Q2017":15.306122449,"4Q2017":15.0,"1Q2018":14.4329896907,"2Q2018":12.5,"3Q2018":12.9032258065,"4Q2018":14.7368421053,"1Q2019":15.4639175258,"2Q2019":18.9473684211,"3Q2019":18.8888888889,"4Q2019":20.652173913,"1Q2020":20.8791208791,"2Q2020":20.2247191011,"3Q2020":20.652173913,"4Q2020":19.1011235955,"1Q2021":22.619047619},"% de empresas com mais de 2 mulheres no segmento Nivel 1":{"2Q2016":3.7037037037,"3Q2016":7.6923076923,"4Q2016":7.4074074074,"1Q2017":7.4074074074,"2Q2017":14.8148148148,"3Q2017":14.8148148148,"4Q2017":19.2307692308,"1Q2018":12.0,"2Q2018":15.3846153846,"3Q2018":12.0,"4Q2018":15.3846153846,"1Q2019":11.5384615385,"2Q2019":8.0,"3Q2019":8.3333333333,"4Q2019":11.5384615385,"1Q2020":13.0434782609,"2Q2020":12.0,"3Q2020":12.0,"4Q2020":12.0,"1Q2021":12.0},"% de empresas com mais de 2 mulheres no segmento Nivel 2":{"2Q2016":9.5238095238,"3Q2016":9.5238095238,"4Q2016":10.0,"1Q2017":19.0476190476,"2Q2017":13.6363636364,"3Q2017":13.6363636364,"4Q2017":14.2857142857,"1Q2018":19.0476190476,"2Q2018":18.1818181818,"3Q2018":18.1818181818,"4Q2018":14.2857142857,"1Q2019":19.0476190476,"2Q2019":14.2857142857,"3Q2019":17.3913043478,"4Q2019":22.7272727273,"1Q2020":23.8095238095,"2Q2020":28.5714285714,"3Q2020":20.0,"4Q2020":19.0476190476,"1Q2021":22.7272727273},"% de empresas com mais de 2 mulheres no segmento Novo Mercado":{"2Q2016":11.2903225806,"3Q2016":10.6557377049,"4Q2016":9.8360655738,"1Q2017":9.6774193548,"2Q2017":11.4754098361,"3Q2017":10.9375,"4Q2017":12.030075188,"1Q2018":13.6363636364,"2Q2018":16.7938931298,"3Q2018":15.2671755725,"4Q2018":15.9090909091,"1Q2019":15.503875969,"2Q2019":15.625,"3Q2019":14.1732283465,"4Q2019":15.625,"1Q2020":14.3939393939,"2Q2020":17.4242424242,"3Q2020":20.0,"4Q2020":20.7792207792,"1Q2021":22.2222222222},"% de empresas com mais de 2 mulheres no segmento Bovespa Mais":{"2Q2016":0.0,"3Q2016":0.0,"4Q2016":0.0,"1Q2017":0.0,"2Q2017":0.0,"3Q2017":0.0,"4Q2017":0.0,"1Q2018":50.0,"2Q2018":50.0,"3Q2018":50.0,"4Q2018":50.0,"1Q2019":50.0,"2Q2019":0.0,"3Q2019":0.0,"4Q2019":0.0,"1Q2020":0.0,"2Q2020":0.0,"3Q2020":0.0,"4Q2020":0.0,"1Q2021":0.0},"Variacao do N de empresas com mais de 2 mulheres no segmento Bolsa LTM":{"2Q2016":null,"3Q2016":null,"4Q2016":null,"1Q2017":null,"2Q2017":-2,"3Q2017":2,"4Q2017":3,"1Q2018":-2,"2Q2018":-1,"3Q2018":-3,"4Q2018":-1,"1Q2019":1,"2Q2019":7,"3Q2019":5,"4Q2019":5,"1Q2020":4,"2Q2020":0,"3Q2020":2,"4Q2020":-2,"1Q2021":0},"Variacao do N de empresas com mais de 2 mulheres no segmento Nivel 1 LTM":{"2Q2016":null,"3Q2016":null,"4Q2016":null,"1Q2017":null,"2Q2017":3,"3Q2017":2,"4Q2017":3,"1Q2018":1,"2Q2018":0,"3Q2018":-1,"4Q2018":-1,"1Q2019":0,"2Q2019":-2,"3Q2019":-1,"4Q2019":-1,"1Q2020":0,"2Q2020":1,"3Q2020":1,"4Q2020":0,"1Q2021":0},"Variacao do N de empresas com mais de 2 mulheres no segmento Nivel 2 LTM":{"2Q2016":null,"3Q2016":null,"4Q2016":null,"1Q2017":null,"2Q2017":1,"3Q2017":1,"4Q2017":1,"1Q2018":0,"2Q2018":1,"3Q2018":1,"4Q2018":0,"1Q2019":0,"2Q2019":-1,"3Q2019":0,"4Q2019":2,"1Q2020":1,"2Q2020":3,"3Q2020":0,"4Q2020":-1,"1Q2021":0},"Variacao do N de empresas com mais de 2 mulheres no segmento Novo Mercado LTM":{"2Q2016":null,"3Q2016":null,"4Q2016":null,"1Q2017":null,"2Q2017":0,"3Q2017":1,"4Q2017":4,"1Q2018":6,"2Q2018":8,"3Q2018":6,"4Q2018":5,"1Q2019":2,"2Q2019":-2,"3Q2019":-2,"4Q2019":-1,"1Q2020":-1,"2Q2020":3,"3Q2020":11,"4Q2020":12,"1Q2021":19},"Variacao do N de empresas com mais de 2 mulheres no segmento Bovespa Mais LTM":{"2Q2016":null,"3Q2016":null,"4Q2016":null,"1Q2017":null,"2Q2017":0,"3Q2017":0,"4Q2017":0,"1Q2018":1,"2Q2018":1,"3Q2018":1,"4Q2018":1,"1Q2019":0,"2Q2019":-1,"3Q2019":-1,"4Q2019":-1,"1Q2020":-1,"2Q2020":0,"3Q2020":0,"4Q2020":0,"1Q2021":0},"Variacao da % de empresas com mais de 2 mulheres no segmento Bolsa LTM":{"2Q2016":null,"3Q2016":null,"4Q2016":null,"1Q2017":null,"2Q2017":-1.9708846585,"3Q2017":1.7644557823,"4Q2017":2.5,"1Q2018":-0.9516256939,"2Q2018":-0.2659574468,"3Q2018":-2.4028966425,"4Q2018":-0.2631578947,"1Q2019":1.0309278351,"2Q2019":6.4473684211,"3Q2019":5.9856630824,"4Q2019":5.9153318078,"1Q2020":5.4152033533,"2Q2020":1.2773506801,"3Q2020":1.7632850242,"4Q2020":-1.5510503175,"1Q2021":1.7399267399},"Variacao da % de empresas com mais de 2 mulheres no segmento Nivel 1 LTM":{"2Q2016":null,"3Q2016":null,"4Q2016":null,"1Q2017":null,"2Q2017":11.1111111111,"3Q2017":7.1225071225,"4Q2017":11.8233618234,"1Q2018":4.5925925926,"2Q2018":0.5698005698,"3Q2018":-2.8148148148,"4Q2018":-3.8461538462,"1Q2019":-0.4615384615,"2Q2019":-7.3846153846,"3Q2019":-3.6666666667,"4Q2019":-3.8461538462,"1Q2020":1.5050167224,"2Q2020":4.0,"3Q2020":3.6666666667,"4Q2020":0.4615384615,"1Q2021":-1.0434782609},"Variacao da % de empresas com mais de 2 mulheres no segmento Nivel 2 LTM":{"2Q2016":null,"3Q2016":null,"4Q2016":null,"1Q2017":null,"2Q2017":4.1125541126,"3Q2017":4.1125541126,"4Q2017":4.2857142857,"1Q2018":0.0,"2Q2018":4.5454545455,"3Q2018":4.5454545455,"4Q2018":0.0,"1Q2019":0.0,"2Q2019":-3.8961038961,"3Q2019":-0.790513834,"4Q2019":8.4415584416,"1Q2020":4.7619047619,"2Q2020":14.2857142857,"3Q2020":2.6086956522,"4Q2020":-3.6796536797,"1Q2021":-1.0822510823},"Variacao da % de empresas com mais de 2 mulheres no segmento Novo Mercado LTM":{"2Q2016":null,"3Q2016":null,"4Q2016":null,"1Q2017":null,"2Q2017":0.1850872554,"3Q2017":0.2817622951,"4Q2017":2.1940096142,"1Q2018":3.9589442815,"2Q2018":5.3184832937,"3Q2018":4.3296755725,"4Q2018":3.8790157211,"1Q2019":1.8675123326,"2Q2019":-1.1688931298,"3Q2019":-1.0939472261,"4Q2019":-0.2840909091,"1Q2020":-1.1099365751,"2Q2020":1.7992424242,"3Q2020":5.8267716535,"4Q2020":5.1542207792,"1Q2021":7.8282828283},"Variacao da % de empresas com mais de 2 mulheres no segmento Bovespa Mais LTM":{"2Q2016":null,"3Q2016":null,"4Q2016":null,"1Q2017":null,"2Q2017":0.0,"3Q2017":0.0,"4Q2017":0.0,"1Q2018":50.0,"2Q2018":50.0,"3Q2018":50.0,"4Q2018":50.0,"1Q2019":0.0,"2Q2019":-50.0,"3Q2019":-50.0,"4Q2019":-50.0,"1Q2020":-50.0,"2Q2020":0.0,"3Q2020":0.0,"4Q2020":0.0,"1Q2021":0.0}}