{"N de empresas com mais de 2 mulheres na regiao sul":{"2Q2016":7,"3Q2016":7,"4Q2016":7,"1Q2017":8,"2Q2017":9,"3Q2017":12,"4Q2017":11,"1Q2018":10,"2Q2018":9,"3Q2018":8,"4Q2018":10,"1Q2019":11,"2Q2019":10,"3Q2019":10,"4Q2019":10,"1Q2020":11,"2Q2020":13,"3Q2020":13,"4Q2020":12,"1Q2021":13},"N de empresas com mais de 2 mulheres na regiao sudeste":{"2Q2016":19,"3Q2016":17,"4Q2016":16,"1Q2017":21,"2Q2017":19,"3Q2017":19,"4Q2017":22,"1Q2018":24,"2Q2018":29,"3Q2018":28,"4Q2018":29,"1Q2019":28,"2Q2019":30,"3Q2019":28,"4Q2019":34,"1Q2020":33,"2Q2020":35,"3Q2020":38,"4Q2020":39,"1Q2021":47},"N de empresas com mais de 2 mulheres na regiao centro-oeste":{"2Q2016":2,"3Q2016":3,"4Q2016":2,"1Q2017":2,"2Q2017":2,"3Q2017":2,"4Q2017":2,"1Q2018":2,"2Q2018":1,"3Q2018":1,"4Q2018":1,"1Q2019":1,"2Q2019":1,"3Q2019":1,"4Q2019":1,"1Q2020":0,"2Q2020":0,"3Q2020":0,"4Q2020":0,"1Q2021":0},"N de empresas com mais de 2 mulheres na regiao nordeste":{"2Q2016":3,"3Q2016":3,"4Q2016":3,"1Q2017":3,"2Q2017":3,"3Q2017":3,"4Q2017":4,"1Q2018":4,"2Q2018":3,"3Q2018":3,"4Q2018":3,"1Q2019":3,"2Q2019":2,"3Q2019":2,"4Q2019":2,"1Q2020":2,"2Q2020":2,"3Q2020":4,"4Q2020":5,"1Q2021":5},"N de empresas com mais de 2 mulheres na regiao norte":{"2Q2016":0,"3Q2016":0,"4Q2016":0,"1Q2017":0,"2Q2017":0,"3Q2017":0,"4Q2017":0,"1Q2018":0,"2Q2018":0,"3Q2018":0,"4Q2018":0,"1Q2019":0,"2Q2019":0,"3Q2019":0,"4Q2019":0,"1Q2020":0,"2Q2020":0,"3Q2020":0,"4Q2020":0,"1Q2021":0},"% de empresas com mais de 2 mulheres na regiao sul":{"2Q2016":15.9090909091,"3Q2016":16.2790697674,"4Q2016":16.2790697674,"1Q2017":17.0212765957,"2Q2017":20.9302325581,"3Q2017":25.5319148936,"4Q2017":23.9130434783,"1Q2018":21.7391304348,"2Q2018":21.4285714286,"3Q2018":20.5128205128,"4Q2018":25.0,"1Q2019":26.1904761905,"2Q2019":25.0,"3Q2019":25.0,"4Q2019":24.3902439024,"1Q2020":27.5,"2Q2020":31.7073170732,"3Q2020":29.5454545455,"4Q2020":27.2727272727,"1Q2021":29.5454545455},"% de empresas com mais de 2 mulheres na regiao sudeste":{"2Q2016":9.8445595855,"3Q2016":8.7628865979,"4Q2016":8.2474226804,"1Q2017":10.447761194,"2Q2017":9.6446700508,"3Q2017":9.4527363184,"4Q2017":10.6796116505,"1Q2018":11.8226600985,"2Q2018":14.5,"3Q2018":13.6585365854,"4Q2018":14.0776699029,"1Q2019":13.8613861386,"2Q2019":15.0,"3Q2019":14.2857142857,"4Q2019":17.0,"1Q2020":16.6666666667,"2Q2020":17.7664974619,"3Q2020":18.2692307692,"4Q2020":18.3962264151,"1Q2021":20.9821428571},"% de empresas com mais de 2 mulheres na regiao centro-oeste":{"2Q2016":20.0,"3Q2016":30.0,"4Q2016":20.0,"1Q2017":20.0,"2Q2017":25.0,"3Q2017":25.0,"4Q2017":28.5714285714,"1Q2018":22.2222222222,"2Q2018":14.2857142857,"3Q2018":14.2857142857,"4Q2018":12.5,"1Q2019":12.5,"2Q2019":11.1111111111,"3Q2019":11.1111111111,"4Q2019":12.5,"1Q2020":0.0,"2Q2020":0.0,"3Q2020":0.0,"4Q2020":0.0,"1Q2021":0.0},"% de empresas com mais de 2 mulheres na regiao nordeste":{"2Q2016":15.7894736842,"3Q2016":17.6470588235,"4Q2016":16.6666666667,"1Q2017":16.6666666667,"2Q2017":18.75,"3Q2017":16.6666666667,"4Q2017":21.0526315789,"1Q2018":25.0,"2Q2018":17.6470588235,"3Q2018":15.7894736842,"4Q2018":15.7894736842,"1Q2019":15.0,"2Q2019":10.5263157895,"3Q2019":10.5263157895,"4Q2019":10.5263157895,"1Q2020":9.5238095238,"2Q2020":10.0,"3Q2020":19.0476190476,"4Q2020":21.7391304348,"1Q2021":21.7391304348},"% de empresas com mais de 2 mulheres na regiao norte":{"2Q2016":0.0,"3Q2016":0.0,"4Q2016":0.0,"1Q2017":0.0,"2Q2017":0.0,"3Q2017":0.0,"4Q2017":0.0,"1Q2018":0.0,"2Q2018":0.0,"3Q2018":0.0,"4Q2018":0.0,"1Q2019":0.0,"2Q2019":0.0,"3Q2019":0.0,"4Q2019":0.0,"1Q2020":0.0,"2Q2020":0.0,"3Q2020":0.0,"4Q2020":0.0,"1Q2021":0.0},"Variacao do N de empresas com mais de 2 mulheres na regiao sul LTM":{"2Q2016":null,"3Q2016":null,"4Q2016":null,"1Q2017":null,"2Q2017":2,"3Q2017":5,"4Q2017":4,"1Q2018":2,"2Q2018":0,"3Q2018":-4,"4Q2018":-1,"1Q2019":1,"2Q2019":1,"3Q2019":2,"4Q2019":0,"1Q2020":0,"2Q2020":3,"3Q2020":3,"4Q2020":2,"1Q2021":2},"Variacao do N de empresas com mais de 2 mulheres na regiao sudeste LTM":{"2Q2016":null,"3Q2016":null,"4Q2016":null,"1Q2017":null,"2Q2017":0,"3Q2017":2,"4Q2017":6,"1Q2018":3,"2Q2018":10,"3Q2018":9,"4Q2018":7,"1Q2019":4,"2Q2019":1,"3Q2019":0,"4Q2019":5,"1Q2020":5,"2Q2020":5,"3Q2020":10,"4Q2020":5,"1Q2021":14},"Variacao do N de empresas com mais de 2 mulheres na regiao centro-oeste LTM":{"2Q2016":null,"3Q2016":null,"4Q2016":null,"1Q2017":null,"2Q2017":0,"3Q2017":-1,"4Q2017":0,"1Q2018":0,"2Q2018":-1,"3Q2018":-1,"4Q2018":-1,"1Q2019":-1,"2Q2019":0,"3Q2019":0,"4Q2019":0,"1Q2020":-1,"2Q2020":-1,"3Q2020":-1,"4Q2020":-1,"1Q2021":0},"Variacao do N de empresas com mais de 2 mulheres na regiao nordeste LTM":{"2Q2016":null,"3Q2016":null,"4Q2016":null,"1Q2017":null,"2Q2017":0,"3Q2017":0,"4Q2017":1,"1Q2018":1,"2Q2018":0,"3Q2018":0,"4Q2018":-1,"1Q2019":-1,"2Q2019":-1,"3Q2019":-1,"4Q2019":-1,"1Q2020":-1,"2Q2020":0,"3Q2020":2,"4Q2020":3,"1Q2021":3},"Variacao do N de empresas com mais de 2 mulheres na regiao norte LTM":{"2Q2016":null,"3Q2016":null,"4Q2016":null,"1Q2017":null,"2Q2017":0,"3Q2017":0,"4Q2017":0,"1Q2018":0,"2Q2018":0,"3Q2018":0,"4Q2018":0,"1Q2019":0,"2Q2019":0,"3Q2019":0,"4Q2019":0,"1Q2020":0,"2Q2020":0,"3Q2020":0,"4Q2020":0,"1Q2021":0},"Variacao da % de empresas com mais de 2 mulheres na regiao sul LTM":{"2Q2016":null,"3Q2016":null,"4Q2016":null,"1Q2017":null,"2Q2017":5.021141649,"3Q2017":9.2528451262,"4Q2017":7.6339737108,"1Q2018":4.717853839,"2Q2018":0.4983388704,"3Q2018":-5.0190943808,"4Q2018":1.0869565217,"1Q2019":4.4513457557,"2Q2019":3.5714285714,"3Q2019":4.4871794872,"4Q2019":-0.6097560976,"1Q2020":1.3095238095,"2Q2020":6.7073170732,"3Q2020":4.5454545455,"4Q2020":2.8824833703,"1Q2021":2.0454545455},"Variacao da % de empresas com mais de 2 mulheres na regiao sudeste LTM":{"2Q2016":null,"3Q2016":null,"4Q2016":null,"1Q2017":null,"2Q2017":-0.1998895347,"3Q2017":0.6898497205,"4Q2017":2.4321889701,"1Q2018":1.3748989045,"2Q2018":4.8553299492,"3Q2018":4.205800267,"4Q2018":3.3980582524,"1Q2019":2.0387260401,"2Q2019":0.5,"3Q2019":0.6271777003,"4Q2019":2.9223300971,"1Q2020":2.8052805281,"2Q2020":2.7664974619,"3Q2020":3.9835164835,"4Q2020":1.3962264151,"1Q2021":4.3154761905},"Variacao da % de empresas com mais de 2 mulheres na regiao centro-oeste LTM":{"2Q2016":null,"3Q2016":null,"4Q2016":null,"1Q2017":null,"2Q2017":5.0,"3Q2017":-5.0,"4Q2017":8.5714285714,"1Q2018":2.2222222222,"2Q2018":-10.7142857143,"3Q2018":-10.7142857143,"4Q2018":-16.0714285714,"1Q2019":-9.7222222222,"2Q2019":-3.1746031746,"3Q2019":-3.1746031746,"4Q2019":0.0,"1Q2020":-12.5,"2Q2020":-11.1111111111,"3Q2020":-11.1111111111,"4Q2020":-12.5,"1Q2021":0.0},"Variacao da % de empresas com mais de 2 mulheres na regiao nordeste LTM":{"2Q2016":null,"3Q2016":null,"4Q2016":null,"1Q2017":null,"2Q2017":2.9605263158,"3Q2017":-0.9803921569,"4Q2017":4.3859649123,"1Q2018":8.3333333333,"2Q2018":-1.1029411765,"3Q2018":-0.8771929825,"4Q2018":-5.2631578947,"1Q2019":-10.0,"2Q2019":-7.1207430341,"3Q2019":-5.2631578947,"4Q2019":-5.2631578947,"1Q2020":-5.4761904762,"2Q2020":-0.5263157895,"3Q2020":8.5213032581,"4Q2020":11.2128146453,"1Q2021":12.215320911},"Variacao da % de empresas com mais de 2 mulheres na regiao norte LTM":{"2Q2016":null,"3Q2016":null,"4Q2016":null,"1Q2017":null,"2Q2017":0.0,"3Q2017":0.0,"4Q2017":0.0,"1Q2018":0.0,"2Q2018":0.0,"3Q2018":0.0,"4Q2018":0.0,"1Q2019":0.0,"2Q2019":0.0,"3Q2019":0.0,"4Q2019":0.0,"1Q2020":0.0,"2Q2020":0.0,"3Q2020":0.0,"4Q2020":0.0,"1Q2021":0.0}}