{"N de homens membros do conselho que sao diretores presidentes":{"2Q2016":121,"3Q2016":118,"4Q2016":119,"1Q2017":121,"2Q2017":121,"3Q2017":125,"4Q2017":122,"1Q2018":120,"2Q2018":121,"3Q2018":121,"4Q2018":114,"1Q2019":108,"2Q2019":113,"3Q2019":113,"4Q2019":110,"1Q2020":103,"2Q2020":98,"3Q2020":113,"4Q2020":113,"1Q2021":115},"N de mulheres membros do conselho que sao diretoras presidentes":{"2Q2016":2,"3Q2016":2,"4Q2016":2,"1Q2017":2,"2Q2017":2,"3Q2017":2,"4Q2017":3,"1Q2018":3,"2Q2018":4,"3Q2018":4,"4Q2018":3,"1Q2019":4,"2Q2019":3,"3Q2019":2,"4Q2019":2,"1Q2020":3,"2Q2020":2,"3Q2020":3,"4Q2020":2,"1Q2021":2},"% de homens membros do conselho que sao diretores presidentes":{"2Q2016":6.998264893,"3Q2016":6.9698759598,"4Q2016":7.0289427053,"1Q2017":7.0023148148,"2Q2017":7.1767497034,"3Q2017":7.237984945,"4Q2017":7.0114942529,"1Q2018":6.9044879171,"2Q2018":7.2195704057,"3Q2018":7.2281959379,"4Q2018":6.7495559503,"1Q2019":6.4903846154,"2Q2019":6.865127582,"3Q2019":6.8818514007,"4Q2019":6.7278287462,"1Q2020":6.3190184049,"2Q2020":6.0869565217,"3Q2020":6.5697674419,"4Q2020":6.5317919075,"1Q2021":6.3186813187},"% de mulheres membros do conselho que sao diretoras presidentes":{"2Q2016":1.4814814815,"3Q2016":1.5384615385,"4Q2016":1.5384615385,"1Q2017":1.3698630137,"2Q2017":1.4285714286,"3Q2017":1.3605442177,"4Q2017":1.9480519481,"1Q2018":1.9230769231,"2Q2018":2.5316455696,"3Q2018":2.5157232704,"4Q2018":1.7647058824,"1Q2019":2.380952381,"2Q2019":1.6574585635,"3Q2019":1.0869565217,"4Q2019":0.9852216749,"1Q2020":1.5306122449,"2Q2020":0.9756097561,"3Q2020":1.2875536481,"4Q2020":0.8403361345,"1Q2021":0.7518796992}}