{"N de homens nos conselhos de administracao eleitos pelos controladores":{"2Q2016":1227,"3Q2016":1201,"4Q2016":1188,"1Q2017":1243,"2Q2017":1214,"3Q2017":1235,"4Q2017":1249,"1Q2018":1240,"2Q2018":1183,"3Q2018":1183,"4Q2018":1200,"1Q2019":1178,"2Q2019":1145,"3Q2019":1125,"4Q2019":1124,"1Q2020":1135,"2Q2020":1112,"3Q2020":1201,"4Q2020":1208,"1Q2021":1287},"N de homens presidentes de conselhos de administracao":{"2Q2016":236,"3Q2016":236,"4Q2016":235,"1Q2017":241,"2Q2017":226,"3Q2017":233,"4Q2017":235,"1Q2018":230,"2Q2018":230,"3Q2018":230,"4Q2018":229,"1Q2019":227,"2Q2019":225,"3Q2019":227,"4Q2019":228,"1Q2020":233,"2Q2020":231,"3Q2020":242,"4Q2020":253,"1Q2021":269},"N de homens presidentes de conselhos de administracao eleitos pelos controladores":{"2Q2016":193,"3Q2016":194,"4Q2016":194,"1Q2017":201,"2Q2017":191,"3Q2017":193,"4Q2017":192,"1Q2018":187,"2Q2018":188,"3Q2018":189,"4Q2018":186,"1Q2019":186,"2Q2019":181,"3Q2019":181,"4Q2019":180,"1Q2020":185,"2Q2020":180,"3Q2020":194,"4Q2020":203,"1Q2021":217},"N de mulheres nos conselhos de administracao eleitas pelos controladores":{"2Q2016":105,"3Q2016":99,"4Q2016":97,"1Q2017":109,"2Q2017":101,"3Q2017":105,"4Q2017":108,"1Q2018":109,"2Q2018":107,"3Q2018":109,"4Q2018":115,"1Q2019":119,"2Q2019":124,"3Q2019":122,"4Q2019":138,"1Q2020":133,"2Q2020":136,"3Q2020":160,"4Q2020":160,"1Q2021":183},"N de mulheres presidentes de conselhos de administracao":{"2Q2016":5,"3Q2016":5,"4Q2016":5,"1Q2017":6,"2Q2017":6,"3Q2017":8,"4Q2017":10,"1Q2018":11,"2Q2018":14,"3Q2018":15,"4Q2018":17,"1Q2019":17,"2Q2019":17,"3Q2019":15,"4Q2019":18,"1Q2020":15,"2Q2020":18,"3Q2020":19,"4Q2020":17,"1Q2021":18},"N de mulheres presidentes de conselhos de administracao eleitas pelos controladores":{"2Q2016":5,"3Q2016":5,"4Q2016":4,"1Q2017":4,"2Q2017":5,"3Q2017":7,"4Q2017":8,"1Q2018":10,"2Q2018":11,"3Q2018":12,"4Q2018":14,"1Q2019":14,"2Q2019":14,"3Q2019":12,"4Q2019":14,"1Q2020":12,"2Q2020":15,"3Q2020":16,"4Q2020":14,"1Q2021":14},"% de homens nos conselhos de administracao eleitos pelos controladores":{"2Q2016":70.965876229,"3Q2016":70.9391612522,"4Q2016":70.1712935617,"1Q2017":71.9328703704,"2Q2017":72.0047449585,"3Q2017":71.5112912565,"4Q2017":71.7816091954,"1Q2018":71.3463751438,"2Q2018":70.584725537,"3Q2018":70.6690561529,"4Q2018":71.0479573712,"1Q2019":70.7932692308,"2Q2019":69.5625759417,"3Q2019":68.5140073082,"4Q2019":68.74617737,"1Q2020":69.6319018405,"2Q2020":69.0683229814,"3Q2020":69.8255813953,"4Q2020":69.8265895954,"1Q2021":70.7142857143},"% de homens presidentes de conselhos de administracao":{"2Q2016":97.9253112033,"3Q2016":97.9253112033,"4Q2016":97.9166666667,"1Q2017":97.5708502024,"2Q2017":97.4137931034,"3Q2017":96.6804979253,"4Q2017":95.9183673469,"1Q2018":95.4356846473,"2Q2018":94.262295082,"3Q2018":93.8775510204,"4Q2018":93.0894308943,"1Q2019":93.0327868852,"2Q2019":92.9752066116,"3Q2019":93.8016528926,"4Q2019":92.6829268293,"1Q2020":93.9516129032,"2Q2020":92.7710843373,"3Q2020":92.7203065134,"4Q2020":93.7037037037,"1Q2021":93.7282229965},"% de homens presidentes de conselhos de administracao eleitos pelos controladores":{"2Q2016":81.7796610169,"3Q2016":82.2033898305,"4Q2016":82.5531914894,"1Q2017":83.4024896266,"2Q2017":84.5132743363,"3Q2017":82.8326180258,"4Q2017":81.7021276596,"1Q2018":81.3043478261,"2Q2018":81.7391304348,"3Q2018":82.1739130435,"4Q2018":81.2227074236,"1Q2019":81.9383259912,"2Q2019":80.4444444444,"3Q2019":79.7356828194,"4Q2019":78.9473684211,"1Q2020":79.3991416309,"2Q2020":77.9220779221,"3Q2020":80.1652892562,"4Q2020":80.2371541502,"1Q2021":80.6691449814},"% de mulheres nos conselhos de administracao eleitas pelos controladores":{"2Q2016":77.7777777778,"3Q2016":76.1538461538,"4Q2016":74.6153846154,"1Q2017":74.6575342466,"2Q2017":72.1428571429,"3Q2017":71.4285714286,"4Q2017":70.1298701299,"1Q2018":69.8717948718,"2Q2018":67.7215189873,"3Q2018":68.5534591195,"4Q2018":67.6470588235,"1Q2019":70.8333333333,"2Q2019":68.5082872928,"3Q2019":66.3043478261,"4Q2019":67.9802955665,"1Q2020":67.8571428571,"2Q2020":66.3414634146,"3Q2020":68.669527897,"4Q2020":67.2268907563,"1Q2021":68.7969924812},"% de mulheres presidentes de conselhos de administracao":{"2Q2016":2.0746887967,"3Q2016":2.0746887967,"4Q2016":2.0833333333,"1Q2017":2.4291497976,"2Q2017":2.5862068966,"3Q2017":3.3195020747,"4Q2017":4.0816326531,"1Q2018":4.5643153527,"2Q2018":5.737704918,"3Q2018":6.1224489796,"4Q2018":6.9105691057,"1Q2019":6.9672131148,"2Q2019":7.0247933884,"3Q2019":6.1983471074,"4Q2019":7.3170731707,"1Q2020":6.0483870968,"2Q2020":7.2289156627,"3Q2020":7.2796934866,"4Q2020":6.2962962963,"1Q2021":6.2717770035},"% de mulheres presidentes de conselhos de administracao eleitas pelos controladores":{"2Q2016":100.0,"3Q2016":100.0,"4Q2016":80.0,"1Q2017":66.6666666667,"2Q2017":83.3333333333,"3Q2017":87.5,"4Q2017":80.0,"1Q2018":90.9090909091,"2Q2018":78.5714285714,"3Q2018":80.0,"4Q2018":82.3529411765,"1Q2019":82.3529411765,"2Q2019":82.3529411765,"3Q2019":80.0,"4Q2019":77.7777777778,"1Q2020":80.0,"2Q2020":83.3333333333,"3Q2020":84.2105263158,"4Q2020":82.3529411765,"1Q2021":77.7777777778}}