{"Idade media dos homens no conselho de administracao":{"2Q2016":56.8062463852,"3Q2016":56.7796810396,"4Q2016":56.7093916125,"1Q2017":56.84375,"2Q2017":57.4255192878,"3Q2017":57.315179606,"4Q2017":57.3133985049,"1Q2018":57.21140553,"2Q2018":57.5017921147,"3Q2018":57.4748803828,"4Q2018":57.6069946651,"1Q2019":57.5878459687,"2Q2019":57.8954407295,"3Q2019":57.6597560976,"4Q2019":57.6868501529,"1Q2020":57.5073619632,"2Q2020":57.5242236025,"3Q2020":57.5968586387,"4Q2020":57.212173913,"1Q2021":56.8076074972},"Idade media das mulheres no conselho de administracao":{"2Q2016":51.0962962963,"3Q2016":51.0076923077,"4Q2016":50.6153846154,"1Q2017":50.7191780822,"2Q2017":51.1428571429,"3Q2017":51.231292517,"4Q2017":50.961038961,"1Q2018":51.0256410256,"2Q2018":51.3481012658,"3Q2018":51.0943396226,"4Q2018":50.4470588235,"1Q2019":50.7857142857,"2Q2019":51.6243093923,"3Q2019":51.4891304348,"4Q2019":51.6354679803,"1Q2020":51.4744897959,"2Q2020":52.3512195122,"3Q2020":52.4267241379,"4Q2020":52.2827004219,"1Q2021":51.8181818182},"% de homens no conselho de administracao com idade entre 0 e 30 anos":{"2Q2016":0.7518796992,"3Q2016":0.8269344359,"4Q2016":0.8269344359,"1Q2017":0.8680555556,"2Q2017":0.7121661721,"3Q2017":0.8690614137,"4Q2017":0.6325474411,"1Q2018":0.633640553,"2Q2018":0.5376344086,"3Q2018":0.5980861244,"4Q2018":0.4742145821,"1Q2019":0.4813477738,"2Q2019":0.4255319149,"3Q2019":0.487804878,"4Q2019":0.4892966361,"1Q2020":0.5521472393,"2Q2020":0.4968944099,"3Q2020":0.581733566,"4Q2020":0.6376811594,"1Q2021":0.7717750827},"% de homens no conselho de administracao com idade entre 30 e 40 anos":{"2Q2016":7.6923076923,"3Q2016":7.7968103957,"4Q2016":7.7377436503,"1Q2017":7.4652777778,"2Q2017":6.46884273,"3Q2017":7.1842410197,"4Q2017":7.7630822312,"1Q2018":7.8917050691,"2Q2018":6.7502986858,"3Q2018":6.4593301435,"4Q2018":6.3426200356,"1Q2019":6.3778580024,"2Q2019":6.6869300912,"3Q2019":6.5853658537,"4Q2019":6.3608562691,"1Q2020":6.5030674847,"2Q2020":6.3354037267,"3Q2020":6.3408958697,"4Q2020":6.7826086957,"1Q2021":7.4421168688},"% de homens no conselho de administracao com idade entre 40 e 50 anos":{"2Q2016":21.0526315789,"3Q2016":20.9686946249,"4Q2016":20.9096278795,"1Q2017":21.0069444444,"2Q2017":20.296735905,"3Q2017":19.9304750869,"4Q2017":19.55146636,"1Q2018":19.0092165899,"2Q2018":20.4898446834,"3Q2018":20.6339712919,"4Q2018":20.3912270302,"1Q2019":19.9157641396,"2Q2019":18.7841945289,"3Q2019":19.2073170732,"4Q2019":19.2660550459,"1Q2020":19.6932515337,"2Q2020":19.751552795,"3Q2020":19.5462478185,"4Q2020":20.1739130435,"1Q2021":20.8379272326},"% de homens no conselho de administracao com idade entre 50 e 60 anos":{"2Q2016":28.2822440717,"3Q2016":28.3520378027,"4Q2016":28.8836385115,"1Q2017":28.7615740741,"2Q2017":28.9020771513,"3Q2017":28.3893395133,"4Q2017":27.8320874066,"1Q2018":28.9746543779,"2Q2018":28.4348864994,"3Q2018":28.8277511962,"4Q2018":29.1641967991,"1Q2019":29.9037304452,"2Q2019":29.6656534954,"3Q2019":30.487804878,"4Q2019":30.5198776758,"1Q2020":30.245398773,"2Q2020":29.6894409938,"3Q2020":29.8429319372,"4Q2020":29.7971014493,"1Q2021":29.2723263506},"% de homens no conselho de administracao com idade entre 60 e 70 anos":{"2Q2016":26.0844418739,"3Q2016":25.7531010041,"4Q2016":25.7531010041,"1Q2017":25.6365740741,"2Q2017":25.8160237389,"3Q2017":25.7821552723,"4Q2017":26.5669925244,"1Q2018":26.1520737327,"2Q2018":25.6869772999,"3Q2018":25.4784688995,"4Q2018":25.4890337878,"1Q2019":25.0300842359,"2Q2019":25.4711246201,"3Q2019":24.9390243902,"4Q2019":25.1376146789,"1Q2020":24.8466257669,"2Q2020":26.5838509317,"3Q2020":25.8871436882,"4Q2020":25.6231884058,"1Q2021":25.3031973539},"% de homens no conselho de administracao com idade maior que 70 anos":{"2Q2016":16.1364950839,"3Q2016":16.3024217366,"4Q2016":15.8889545186,"1Q2017":16.2615740741,"2Q2017":17.8041543027,"3Q2017":17.8447276941,"4Q2017":17.6538240368,"1Q2018":17.3387096774,"2Q2018":18.1003584229,"3Q2018":18.0023923445,"4Q2018":18.1387077653,"1Q2019":18.2912154031,"2Q2019":18.9665653495,"3Q2019":18.2926829268,"4Q2019":18.2262996942,"1Q2020":18.1595092025,"2Q2020":17.1428571429,"3Q2020":17.8010471204,"4Q2020":16.9855072464,"1Q2021":16.3726571114},"% de mulheres no conselho de administracao com idade entre 0 e 30 anos":{"2Q2016":2.962962963,"3Q2016":3.0769230769,"4Q2016":3.0769230769,"1Q2017":2.7397260274,"2Q2017":2.1428571429,"3Q2017":1.3605442177,"4Q2017":1.9480519481,"1Q2018":1.9230769231,"2Q2018":1.2658227848,"3Q2018":1.8867924528,"4Q2018":1.7647058824,"1Q2019":1.7857142857,"2Q2019":1.6574585635,"3Q2019":0.5434782609,"4Q2019":0.4926108374,"1Q2020":0.5102040816,"2Q2020":0.487804878,"3Q2020":0.0,"4Q2020":0.0,"1Q2021":0.7575757576},"% de mulheres no conselho de administracao com idade entre 30 e 40 anos":{"2Q2016":14.0740740741,"3Q2016":15.3846153846,"4Q2016":13.0769230769,"1Q2017":13.0136986301,"2Q2017":7.8571428571,"3Q2017":8.1632653061,"4Q2017":8.4415584416,"1Q2018":8.9743589744,"2Q2018":10.1265822785,"3Q2018":9.4339622642,"4Q2018":12.3529411765,"1Q2019":11.3095238095,"2Q2019":11.0497237569,"3Q2019":11.4130434783,"4Q2019":10.3448275862,"1Q2020":11.2244897959,"2Q2020":7.8048780488,"3Q2020":9.4827586207,"4Q2020":8.8607594937,"1Q2021":9.0909090909},"% de mulheres no conselho de administracao com idade entre 40 e 50 anos":{"2Q2016":25.1851851852,"3Q2016":23.8461538462,"4Q2016":27.6923076923,"1Q2017":24.6575342466,"2Q2017":35.7142857143,"3Q2017":34.693877551,"4Q2017":37.012987013,"1Q2018":37.1794871795,"2Q2018":34.8101265823,"3Q2018":34.5911949686,"4Q2018":33.5294117647,"1Q2019":32.7380952381,"2Q2019":31.4917127072,"3Q2019":33.6956521739,"4Q2019":33.4975369458,"1Q2020":32.6530612245,"2Q2020":32.6829268293,"3Q2020":32.7586206897,"4Q2020":34.1772151899,"1Q2021":35.2272727273},"% de mulheres no conselho de administracao com idade entre 50 e 60 anos":{"2Q2016":37.7777777778,"3Q2016":37.6923076923,"4Q2016":39.2307692308,"1Q2017":41.095890411,"2Q2017":35.7142857143,"3Q2017":37.4149659864,"4Q2017":34.4155844156,"1Q2018":32.6923076923,"2Q2018":32.9113924051,"3Q2018":35.2201257862,"4Q2018":34.1176470588,"1Q2019":35.7142857143,"2Q2019":33.1491712707,"3Q2019":33.152173913,"4Q2019":33.9901477833,"1Q2020":33.6734693878,"2Q2020":37.5609756098,"3Q2020":36.6379310345,"4Q2020":35.864978903,"1Q2021":34.4696969697},"% de mulheres no conselho de administracao com idade entre 60 e 70 anos":{"2Q2016":14.8148148148,"3Q2016":14.6153846154,"4Q2016":12.3076923077,"1Q2017":14.3835616438,"2Q2017":15.0,"3Q2017":14.9659863946,"4Q2017":14.2857142857,"1Q2018":14.7435897436,"2Q2018":15.8227848101,"3Q2018":14.465408805,"4Q2018":14.7058823529,"1Q2019":14.2857142857,"2Q2019":18.7845303867,"3Q2019":17.3913043478,"4Q2019":17.7339901478,"1Q2020":18.3673469388,"2Q2020":17.0731707317,"3Q2020":16.8103448276,"4Q2020":17.7215189873,"1Q2021":17.4242424242},"% de mulheres no conselho de administracao com idade maior que 70 anos":{"2Q2016":5.1851851852,"3Q2016":5.3846153846,"4Q2016":4.6153846154,"1Q2017":4.1095890411,"2Q2017":3.5714285714,"3Q2017":3.4013605442,"4Q2017":3.8961038961,"1Q2018":4.4871794872,"2Q2018":5.0632911392,"3Q2018":4.4025157233,"4Q2018":3.5294117647,"1Q2019":4.1666666667,"2Q2019":3.8674033149,"3Q2019":3.8043478261,"4Q2019":3.9408866995,"1Q2020":3.5714285714,"2Q2020":4.3902439024,"3Q2020":4.3103448276,"4Q2020":3.3755274262,"1Q2021":3.0303030303}}