{"% de homens no primeiro mandato":{"2Q2016":27.5303643725,"3Q2016":26.5209686946,"4Q2016":27.6432368576,"1Q2017":30.5555555556,"2Q2017":22.0047449585,"3Q2017":22.7562246671,"4Q2017":24.1954022989,"1Q2018":26.582278481,"2Q2018":34.9642004773,"3Q2018":35.3046594982,"4Q2018":34.8134991119,"1Q2019":35.3966346154,"2Q2019":25.9416767922,"3Q2019":26.796589525,"4Q2019":28.0733944954,"1Q2020":29.8773006135,"2Q2020":24.7826086957,"3Q2020":24.476744186,"4Q2020":26.0693641618,"1Q2021":28.5714285714},"% de mulheres no primeiro mandato":{"2Q2016":29.6296296296,"3Q2016":30.0,"4Q2016":30.7692307692,"1Q2017":34.9315068493,"2Q2017":20.0,"3Q2017":19.7278911565,"4Q2017":23.3766233766,"1Q2018":29.4871794872,"2Q2018":39.8734177215,"3Q2018":44.0251572327,"4Q2018":42.3529411765,"1Q2019":44.0476190476,"2Q2019":38.1215469613,"3Q2019":38.5869565217,"4Q2019":39.9014778325,"1Q2020":43.3673469388,"2Q2020":33.6585365854,"3Q2020":36.4806866953,"4Q2020":39.9159663866,"1Q2021":42.8571428571},"N medio de mandatos dos homens":{"2Q2016":4.4690214244,"3Q2016":4.563571851,"4Q2016":4.4536326048,"1Q2017":4.4791666667,"2Q2017":4.778173191,"3Q2017":4.7330631152,"4Q2017":4.6879310345,"1Q2018":4.4879171461,"2Q2018":4.1587112172,"3Q2018":4.1391875747,"4Q2018":4.1409117821,"1Q2019":4.1466346154,"2Q2019":4.6148238153,"3Q2019":4.5730816078,"4Q2019":4.498470948,"1Q2020":4.463803681,"2Q2020":4.6937888199,"3Q2020":4.6695753345,"4Q2020":4.6313043478,"1Q2021":4.4454244763},"N medio de mandatos das mulheres":{"2Q2016":4.6417910448,"3Q2016":4.3410852713,"4Q2016":4.4076923077,"1Q2017":4.2328767123,"2Q2017":4.8642857143,"3Q2017":5.2040816327,"4Q2017":4.9545454545,"1Q2018":4.2564102564,"2Q2018":3.6772151899,"3Q2018":3.2704402516,"4Q2018":3.1882352941,"1Q2019":3.2797619048,"2Q2019":3.679558011,"3Q2019":3.6141304348,"4Q2019":3.60591133,"1Q2020":3.5969387755,"2Q2020":4.0243902439,"3Q2020":3.8669527897,"4Q2020":3.7394957983,"1Q2021":3.5886792453}}