{"N de empresas com conselho de administracao":{"2Q2016":269,"3Q2016":267,"4Q2016":268,"1Q2017":279,"2Q2017":267,"3Q2017":277,"4Q2017":281,"1Q2018":277,"2Q2018":269,"3Q2018":273,"4Q2018":276,"1Q2019":275,"2Q2019":271,"3Q2019":266,"4Q2019":270,"1Q2020":269,"2Q2020":269,"3Q2020":284,"4Q2020":291,"1Q2021":304},"N de empresas com diretoria":{"2Q2016":270,"3Q2016":267,"4Q2016":268,"1Q2017":279,"2Q2017":267,"3Q2017":277,"4Q2017":280,"1Q2018":276,"2Q2018":270,"3Q2018":273,"4Q2018":276,"1Q2019":275,"2Q2019":271,"3Q2019":266,"4Q2019":271,"1Q2020":269,"2Q2020":269,"3Q2020":284,"4Q2020":291,"1Q2021":304},"N de empresas com conselho fiscal":{"2Q2016":163,"3Q2016":158,"4Q2016":161,"1Q2017":164,"2Q2017":155,"3Q2017":160,"4Q2017":163,"1Q2018":164,"2Q2018":176,"3Q2018":180,"4Q2018":186,"1Q2019":183,"2Q2019":184,"3Q2019":184,"4Q2019":184,"1Q2020":178,"2Q2020":184,"3Q2020":186,"4Q2020":184,"1Q2021":183},"N de empresas com comite de auditoria":{"2Q2016":110,"3Q2016":109,"4Q2016":111,"1Q2017":115,"2Q2017":116,"3Q2017":118,"4Q2017":119,"1Q2018":120,"2Q2018":121,"3Q2018":128,"4Q2018":132,"1Q2019":129,"2Q2019":137,"3Q2019":137,"4Q2019":141,"1Q2020":145,"2Q2020":149,"3Q2020":166,"4Q2020":177,"1Q2021":197},"N de empresas com outros comites":{"2Q2016":154,"3Q2016":150,"4Q2016":151,"1Q2017":156,"2Q2017":156,"3Q2017":161,"4Q2017":162,"1Q2018":166,"2Q2018":162,"3Q2018":165,"4Q2018":167,"1Q2019":165,"2Q2019":159,"3Q2019":157,"4Q2019":160,"1Q2020":161,"2Q2020":161,"3Q2020":169,"4Q2020":170,"1Q2021":181},"N total de empresas":{"2Q2016":271,"3Q2016":268,"4Q2016":269,"1Q2017":280,"2Q2017":267,"3Q2017":277,"4Q2017":281,"1Q2018":278,"2Q2018":270,"3Q2018":273,"4Q2018":276,"1Q2019":275,"2Q2019":271,"3Q2019":266,"4Q2019":271,"1Q2020":269,"2Q2020":269,"3Q2020":284,"4Q2020":291,"1Q2021":304},"% de empresas com conselho de administracao":{"2Q2016":99.2619926199,"3Q2016":99.6268656716,"4Q2016":99.6282527881,"1Q2017":99.6428571429,"2Q2017":100.0,"3Q2017":100.0,"4Q2017":100.0,"1Q2018":99.6402877698,"2Q2018":99.6296296296,"3Q2018":100.0,"4Q2018":100.0,"1Q2019":100.0,"2Q2019":100.0,"3Q2019":100.0,"4Q2019":99.63099631,"1Q2020":100.0,"2Q2020":100.0,"3Q2020":100.0,"4Q2020":100.0,"1Q2021":100.0},"% de empresas com diretoria":{"2Q2016":99.63099631,"3Q2016":99.6268656716,"4Q2016":99.6282527881,"1Q2017":99.6428571429,"2Q2017":100.0,"3Q2017":100.0,"4Q2017":99.6441281139,"1Q2018":99.2805755396,"2Q2018":100.0,"3Q2018":100.0,"4Q2018":100.0,"1Q2019":100.0,"2Q2019":100.0,"3Q2019":100.0,"4Q2019":100.0,"1Q2020":100.0,"2Q2020":100.0,"3Q2020":100.0,"4Q2020":100.0,"1Q2021":100.0},"% de empresas com conselho fiscal":{"2Q2016":60.147601476,"3Q2016":58.9552238806,"4Q2016":59.8513011152,"1Q2017":58.5714285714,"2Q2017":58.0524344569,"3Q2017":57.761732852,"4Q2017":58.0071174377,"1Q2018":58.9928057554,"2Q2018":65.1851851852,"3Q2018":65.9340659341,"4Q2018":67.3913043478,"1Q2019":66.5454545455,"2Q2019":67.8966789668,"3Q2019":69.1729323308,"4Q2019":67.8966789668,"1Q2020":66.1710037175,"2Q2020":68.4014869888,"3Q2020":65.4929577465,"4Q2020":63.2302405498,"1Q2021":60.1973684211},"% de empresas com comite de auditoria":{"2Q2016":40.5904059041,"3Q2016":40.671641791,"4Q2016":41.2639405204,"1Q2017":41.0714285714,"2Q2017":43.4456928839,"3Q2017":42.5992779783,"4Q2017":42.3487544484,"1Q2018":43.1654676259,"2Q2018":44.8148148148,"3Q2018":46.8864468864,"4Q2018":47.8260869565,"1Q2019":46.9090909091,"2Q2019":50.5535055351,"3Q2019":51.5037593985,"4Q2019":52.0295202952,"1Q2020":53.9033457249,"2Q2020":55.3903345725,"3Q2020":58.4507042254,"4Q2020":60.824742268,"1Q2021":64.8026315789},"% de empresas com outros comites":{"2Q2016":56.8265682657,"3Q2016":55.9701492537,"4Q2016":56.1338289963,"1Q2017":55.7142857143,"2Q2017":58.4269662921,"3Q2017":58.1227436823,"4Q2017":57.6512455516,"1Q2018":59.7122302158,"2Q2018":60.0,"3Q2018":60.4395604396,"4Q2018":60.5072463768,"1Q2019":60.0,"2Q2019":58.6715867159,"3Q2019":59.022556391,"4Q2019":59.0405904059,"1Q2020":59.8513011152,"2Q2020":59.8513011152,"3Q2020":59.5070422535,"4Q2020":58.4192439863,"1Q2021":59.5394736842}}