{"N de homens":{"2Q2016":5447,"3Q2016":5383,"4Q2016":5419,"1Q2017":5507,"2Q2017":5423,"3Q2017":5593,"4Q2017":5653,"1Q2018":5669,"2Q2018":5585,"3Q2018":5657,"4Q2018":5651,"1Q2019":5549,"2Q2019":5524,"3Q2019":5531,"4Q2019":5585,"1Q2020":5558,"2Q2020":5571,"3Q2020":5882,"4Q2020":5979,"1Q2021":6262},"N de mulheres":{"2Q2016":557,"3Q2016":550,"4Q2016":552,"1Q2017":566,"2Q2017":586,"3Q2017":598,"4Q2017":610,"1Q2018":613,"2Q2018":637,"3Q2018":646,"4Q2018":670,"1Q2019":669,"2Q2019":711,"3Q2019":739,"4Q2019":795,"1Q2020":808,"2Q2020":822,"3Q2020":919,"4Q2020":957,"1Q2021":1027},"% de homens":{"2Q2016":90.7228514324,"3Q2016":90.7298162818,"4Q2016":90.7553173673,"1Q2017":90.6800592788,"2Q2017":90.2479613912,"3Q2017":90.3408173155,"4Q2017":90.260258662,"1Q2018":90.2419611589,"2Q2018":89.7621343619,"3Q2018":89.750912264,"4Q2018":89.4004113273,"1Q2019":89.240913477,"2Q2019":88.5966319166,"3Q2019":88.2137161085,"4Q2019":87.539184953,"1Q2020":87.3075714735,"2Q2020":87.1421867668,"3Q2020":86.4872812822,"4Q2020":86.2024221453,"1Q2021":85.910275758},"% de mulheres":{"2Q2016":9.2771485676,"3Q2016":9.2701837182,"4Q2016":9.2446826327,"1Q2017":9.3199407212,"2Q2017":9.7520386088,"3Q2017":9.6591826845,"4Q2017":9.739741338,"1Q2018":9.7580388411,"2Q2018":10.2378656381,"3Q2018":10.249087736,"4Q2018":10.5995886727,"1Q2019":10.759086523,"2Q2019":11.4033680834,"3Q2019":11.7862838915,"4Q2019":12.460815047,"1Q2020":12.6924285265,"2Q2020":12.8578132332,"3Q2020":13.5127187178,"4Q2020":13.7975778547,"1Q2021":14.089724242}}