{"N de empresas":{"Conselho de administra\u00e7\u00e3o efetivo":304,"Conselho fiscal efetivo":304,"Diretoria":183,"Comit\u00ea de auditoria":197,"Outros comit\u00eas":181,"Total":304},"N de posicoes":{"Conselho de administra\u00e7\u00e3o efetivo":2086,"Conselho fiscal efetivo":645,"Diretoria":1717,"Comit\u00ea de auditoria":670,"Outros comit\u00eas":2171,"Total":7289},"% das posi\u00e7\u00f5es ocupada por mulheres":{"Conselho de administra\u00e7\u00e3o efetivo":12.7516778523,"Conselho fiscal efetivo":11.3178294574,"Diretoria":12.0559114735,"Comit\u00ea de auditoria":13.5820895522,"Outros comit\u00eas":17.9640718563,"Total":14.089724242},"Variacao ultimo tri":{"Conselho de administra\u00e7\u00e3o efetivo":0.6581819174,"Conselho fiscal efetivo":0.5651412853,"Diretoria":0.2344398209,"Comit\u00ea de auditoria":0.5315185898,"Outros comit\u00eas":-0.2666221809,"Total":0.2921463873},"Variacao 1 ano":{"Conselho de administra\u00e7\u00e3o efetivo":2.0178333836,"Conselho fiscal efetivo":-1.1223619302,"Diretoria":0.4952178319,"Comit\u00ea de auditoria":1.0564222011,"Outros comit\u00eas":2.2872393255,"Total":1.3972957155},"Variacao 4 anos":{"Conselho de administra\u00e7\u00e3o efetivo":4.9608560807,"Conselho fiscal efetivo":0.8353003392,"Diretoria":2.9946337682,"Comit\u00ea de auditoria":5.495836183,"Outros comit\u00eas":6.8595237169,"Total":4.7697835208}}