{"Variacao % LTM de homens em conselhos de administracao":{"2Q2017":-0.424542493,"3Q2017":-0.7130809864,"4Q2017":-0.9998372318,"1Q2018":-0.4457146592,"2Q2018":-0.9480173096,"3Q2018":-0.8301208544,"4Q2018":-1.0137616425,"1Q2019":-0.933769246,"2Q2019":-1.2919022132,"3Q2019":-1.4023658986,"4Q2019":-1.8999122582,"1Q2020":-1.5635387919,"2Q2020":-1.387814554,"3Q2020":-1.8536932256,"4Q2020":-1.0488822244,"1Q2021":-2.0178333836},"Variacao % LTM de mulheres em conselhos de administracao":{"2Q2017":0.424542493,"3Q2017":0.7130809864,"4Q2017":0.9998372318,"1Q2018":0.4457146592,"2Q2018":0.9480173096,"3Q2018":0.8301208544,"4Q2018":1.0137616425,"1Q2019":0.933769246,"2Q2019":1.2919022132,"3Q2019":1.4023658986,"4Q2019":1.8999122582,"1Q2020":1.5635387919,"2Q2020":1.387814554,"3Q2020":1.8536932256,"4Q2020":1.0488822244,"1Q2021":2.0178333836},"Variacao % LTM de homens em conselhos fiscais":{"2Q2017":-0.9571675976,"3Q2017":-2.5181305399,"4Q2017":-2.0463148334,"1Q2018":-0.519112918,"2Q2018":0.7064276767,"3Q2018":1.441131152,"4Q2018":0.5473453749,"1Q2019":0.3862574207,"2Q2019":-1.614740664,"3Q2019":-1.9055274368,"4Q2019":-1.2931767909,"1Q2020":-1.8248067722,"2Q2020":1.0440668203,"3Q2020":1.6003596522,"4Q2020":1.6515997299,"1Q2021":1.1223619302},"Variacao % LTM de mulheres em conselhos fiscais":{"2Q2017":0.9571675976,"3Q2017":2.5181305399,"4Q2017":2.0463148334,"1Q2018":0.519112918,"2Q2018":-0.7064276767,"3Q2018":-1.441131152,"4Q2018":-0.5473453749,"1Q2019":-0.3862574207,"2Q2019":1.614740664,"3Q2019":1.9055274368,"4Q2019":1.2931767909,"1Q2020":1.8248067722,"2Q2020":-1.0440668203,"3Q2020":-1.6003596522,"4Q2020":-1.6515997299,"1Q2021":-1.1223619302},"Variacao % LTM de homens em diretorias":{"2Q2017":-0.1145921523,"3Q2017":0.6467470173,"4Q2017":0.561070126,"1Q2018":0.0710496923,"2Q2018":0.3557912339,"3Q2018":-0.6301107413,"4Q2018":-1.1386166584,"1Q2019":-1.003197365,"2Q2019":-0.9251137102,"3Q2019":-1.8366294691,"4Q2019":-1.3408333979,"1Q2020":-1.5672682636,"2Q2020":-1.8521419289,"3Q2020":-0.8854285264,"4Q2020":-0.5529590963,"1Q2021":-0.4952178319},"Variacao % LTM de mulheres em diretorias":{"2Q2017":0.1145921523,"3Q2017":-0.6467470173,"4Q2017":-0.561070126,"1Q2018":-0.0710496923,"2Q2018":-0.3557912339,"3Q2018":0.6301107413,"4Q2018":1.1386166584,"1Q2019":1.003197365,"2Q2019":0.9251137102,"3Q2019":1.8366294691,"4Q2019":1.3408333979,"1Q2020":1.5672682636,"2Q2020":1.8521419289,"3Q2020":0.8854285264,"4Q2020":0.5529590963,"1Q2021":0.4952178319},"Variacao % LTM de homens em comites de auditoria":{"2Q2017":-0.2240611836,"3Q2017":0.385786802,"4Q2017":0.2315807531,"1Q2018":-0.0355740419,"2Q2018":-1.7403016523,"3Q2018":-1.693662697,"4Q2018":-2.4350620993,"1Q2019":-2.4772509298,"2Q2019":-1.2993831211,"3Q2019":-1.731085144,"4Q2019":-1.6223730789,"1Q2020":-1.9265890101,"2Q2020":-1.4659472666,"3Q2020":-1.7196596507,"4Q2020":-1.359547998,"1Q2021":-1.0564222011},"Variacao % LTM de mulheres em comites de auditoria":{"2Q2017":0.2240611836,"3Q2017":-0.385786802,"4Q2017":-0.2315807531,"1Q2018":0.0355740419,"2Q2018":1.7403016523,"3Q2018":1.693662697,"4Q2018":2.4350620993,"1Q2019":2.4772509298,"2Q2019":1.2993831211,"3Q2019":1.731085144,"4Q2019":1.6223730789,"1Q2020":1.9265890101,"2Q2020":1.4659472666,"3Q2020":1.7196596507,"4Q2020":1.359547998,"1Q2021":1.0564222011},"Variacao % LTM de homens em outros comites":{"2Q2017":-0.6373249937,"3Q2017":-0.3174597961,"4Q2017":-0.4245175005,"1Q2018":-0.7873437525,"2Q2018":-0.7241761285,"3Q2018":-0.6385196073,"4Q2018":-0.5527165151,"1Q2019":-1.2467942395,"2Q2019":-1.192074224,"3Q2019":-1.3515104889,"4Q2019":-2.5100742243,"1Q2020":-2.5381463994,"2Q2020":-1.95593488,"3Q2020":-3.3946245768,"4Q2020":-3.1526111077,"1Q2021":-2.2872393255},"Variacao % LTM de mulheres em outros comites":{"2Q2017":0.6373249937,"3Q2017":0.3174597961,"4Q2017":0.4245175005,"1Q2018":0.7873437525,"2Q2018":0.7241761285,"3Q2018":0.6385196073,"4Q2018":0.5527165151,"1Q2019":1.2467942395,"2Q2019":1.192074224,"3Q2019":1.3515104889,"4Q2019":2.5100742243,"1Q2020":2.5381463994,"2Q2020":1.95593488,"3Q2020":3.3946245768,"4Q2020":3.1526111077,"1Q2021":2.2872393255}}