{"N de empresas com 0 mulheres em conselhos de administracao":{"2Q2016":173,"3Q2016":171,"4Q2016":171,"1Q2017":176,"2Q2017":171,"3Q2017":177,"4Q2017":178,"1Q2018":173,"2Q2018":162,"3Q2018":163,"4Q2018":163,"1Q2019":162,"2Q2019":144,"3Q2019":140,"4Q2019":134,"1Q2020":140,"2Q2020":131,"3Q2020":124,"4Q2020":127,"1Q2021":124},"N de empresas com 1 mulher em conselhos de administracao":{"2Q2016":65,"3Q2016":66,"4Q2016":69,"1Q2017":69,"2Q2017":63,"3Q2017":64,"4Q2017":64,"1Q2018":64,"2Q2018":65,"3Q2018":70,"4Q2018":70,"1Q2019":70,"2Q2019":84,"3Q2019":85,"4Q2019":89,"1Q2020":83,"2Q2020":88,"3Q2020":105,"4Q2020":108,"1Q2021":115},"N de empresas com 2 mulheres em conselhos de administracao":{"2Q2016":27,"3Q2016":27,"4Q2016":24,"1Q2017":29,"2Q2017":25,"3Q2017":29,"4Q2017":31,"1Q2018":32,"2Q2018":35,"3Q2018":33,"4Q2018":34,"1Q2019":34,"2Q2019":33,"3Q2019":28,"4Q2019":32,"1Q2020":29,"2Q2020":36,"3Q2020":39,"4Q2020":40,"1Q2021":47},"N de empresas com 3 mulheres em conselhos de administracao":{"2Q2016":2,"3Q2016":2,"4Q2016":3,"1Q2017":3,"2Q2017":6,"3Q2017":4,"4Q2017":5,"1Q2018":5,"2Q2018":5,"3Q2018":5,"4Q2018":6,"1Q2019":7,"2Q2019":9,"3Q2019":11,"4Q2019":12,"1Q2020":15,"2Q2020":11,"3Q2020":14,"4Q2020":14,"1Q2021":15},"N de empresas com mais de 3 mulheres em conselhos de administracao":{"2Q2016":2,"3Q2016":1,"4Q2016":1,"1Q2017":2,"2Q2017":2,"3Q2017":3,"4Q2017":3,"1Q2018":3,"2Q2018":2,"3Q2018":2,"4Q2018":3,"1Q2019":2,"2Q2019":1,"3Q2019":2,"4Q2019":3,"1Q2020":2,"2Q2020":3,"3Q2020":2,"4Q2020":2,"1Q2021":3},"% de empresas com 0 mulheres em conselhos de administracao":{"2Q2016":64.312267658,"3Q2016":64.0449438202,"4Q2016":63.8059701493,"1Q2017":63.082437276,"2Q2017":64.0449438202,"3Q2017":63.8989169675,"4Q2017":63.3451957295,"1Q2018":62.4548736462,"2Q2018":60.2230483271,"3Q2018":59.706959707,"4Q2018":59.0579710145,"1Q2019":58.9090909091,"2Q2019":53.1365313653,"3Q2019":52.6315789474,"4Q2019":49.6296296296,"1Q2020":52.0446096654,"2Q2020":48.6988847584,"3Q2020":43.661971831,"4Q2020":43.6426116838,"1Q2021":40.7894736842},"% de empresas com 1 mulher em conselhos de administracao":{"2Q2016":24.1635687732,"3Q2016":24.7191011236,"4Q2016":25.7462686567,"1Q2017":24.7311827957,"2Q2017":23.595505618,"3Q2017":23.1046931408,"4Q2017":22.7758007117,"1Q2018":23.1046931408,"2Q2018":24.1635687732,"3Q2018":25.641025641,"4Q2018":25.3623188406,"1Q2019":25.4545454545,"2Q2019":30.9963099631,"3Q2019":31.954887218,"4Q2019":32.962962963,"1Q2020":30.8550185874,"2Q2020":32.7137546468,"3Q2020":36.9718309859,"4Q2020":37.1134020619,"1Q2021":37.8289473684},"% de empresas com 2 mulheres em conselhos de administracao":{"2Q2016":10.0371747212,"3Q2016":10.1123595506,"4Q2016":8.9552238806,"1Q2017":10.394265233,"2Q2017":9.3632958801,"3Q2017":10.4693140794,"4Q2017":11.0320284698,"1Q2018":11.5523465704,"2Q2018":13.0111524164,"3Q2018":12.0879120879,"4Q2018":12.3188405797,"1Q2019":12.3636363636,"2Q2019":12.1771217712,"3Q2019":10.5263157895,"4Q2019":11.8518518519,"1Q2020":10.780669145,"2Q2020":13.3828996283,"3Q2020":13.7323943662,"4Q2020":13.7457044674,"1Q2021":15.4605263158},"% de empresas com 3 mulheres em conselhos de administracao":{"2Q2016":0.7434944238,"3Q2016":0.7490636704,"4Q2016":1.1194029851,"1Q2017":1.0752688172,"2Q2017":2.2471910112,"3Q2017":1.4440433213,"4Q2017":1.7793594306,"1Q2018":1.8050541516,"2Q2018":1.8587360595,"3Q2018":1.8315018315,"4Q2018":2.1739130435,"1Q2019":2.5454545455,"2Q2019":3.3210332103,"3Q2019":4.1353383459,"4Q2019":4.4444444444,"1Q2020":5.5762081784,"2Q2020":4.0892193309,"3Q2020":4.9295774648,"4Q2020":4.8109965636,"1Q2021":4.9342105263},"% de empresas com mais de 3 mulheres em conselhos de administracao":{"2Q2016":0.7434944238,"3Q2016":0.3745318352,"4Q2016":0.3731343284,"1Q2017":0.7168458781,"2Q2017":0.7490636704,"3Q2017":1.083032491,"4Q2017":1.0676156584,"1Q2018":1.083032491,"2Q2018":0.7434944238,"3Q2018":0.7326007326,"4Q2018":1.0869565217,"1Q2019":0.7272727273,"2Q2019":0.36900369,"3Q2019":0.7518796992,"4Q2019":1.1111111111,"1Q2020":0.7434944238,"2Q2020":1.1152416357,"3Q2020":0.7042253521,"4Q2020":0.6872852234,"1Q2021":0.9868421053},"N de empresas com 0 mulheres em conselhos fiscais":{"2Q2016":111,"3Q2016":111,"4Q2016":113,"1Q2017":110,"2Q2017":101,"3Q2017":102,"4Q2017":103,"1Q2018":107,"2Q2018":120,"3Q2018":122,"4Q2018":123,"1Q2019":124,"2Q2019":119,"3Q2019":118,"4Q2019":119,"1Q2020":114,"2Q2020":124,"3Q2020":127,"4Q2020":126,"1Q2021":122},"N de empresas com 1 mulher em conselhos fiscais":{"2Q2016":44,"3Q2016":41,"4Q2016":42,"1Q2017":48,"2Q2017":46,"3Q2017":49,"4Q2017":52,"1Q2018":50,"2Q2018":49,"3Q2018":50,"4Q2018":54,"1Q2019":51,"2Q2019":52,"3Q2019":54,"4Q2019":50,"1Q2020":50,"2Q2020":50,"3Q2020":48,"4Q2020":47,"1Q2021":50},"N de empresas com 2 mulheres em conselhos fiscais":{"2Q2016":7,"3Q2016":5,"4Q2016":4,"1Q2017":4,"2Q2017":5,"3Q2017":6,"4Q2017":5,"1Q2018":4,"2Q2018":5,"3Q2018":7,"4Q2018":7,"1Q2019":6,"2Q2019":13,"3Q2019":11,"4Q2019":14,"1Q2020":14,"2Q2020":10,"3Q2020":10,"4Q2020":10,"1Q2021":10},"N de empresas com 3 mulheres em conselhos fiscais":{"2Q2016":1,"3Q2016":1,"4Q2016":1,"1Q2017":1,"2Q2017":3,"3Q2017":3,"4Q2017":3,"1Q2018":3,"2Q2018":2,"3Q2018":1,"4Q2018":2,"1Q2019":2,"2Q2019":0,"3Q2019":1,"4Q2019":1,"1Q2020":0,"2Q2020":0,"3Q2020":1,"4Q2020":1,"1Q2021":1},"N de empresas com mais de 3 mulheres em conselhos fiscais":{"2Q2016":0,"3Q2016":0,"4Q2016":1,"1Q2017":1,"2Q2017":0,"3Q2017":0,"4Q2017":0,"1Q2018":0,"2Q2018":0,"3Q2018":0,"4Q2018":0,"1Q2019":0,"2Q2019":0,"3Q2019":0,"4Q2019":0,"1Q2020":0,"2Q2020":0,"3Q2020":0,"4Q2020":0,"1Q2021":0},"% de empresas com 0 mulheres em conselhos fiscais":{"2Q2016":68.0981595092,"3Q2016":70.253164557,"4Q2016":70.1863354037,"1Q2017":67.0731707317,"2Q2017":65.1612903226,"3Q2017":63.75,"4Q2017":63.1901840491,"1Q2018":65.243902439,"2Q2018":68.1818181818,"3Q2018":67.7777777778,"4Q2018":66.1290322581,"1Q2019":67.7595628415,"2Q2019":64.6739130435,"3Q2019":64.1304347826,"4Q2019":64.6739130435,"1Q2020":64.0449438202,"2Q2020":67.3913043478,"3Q2020":68.2795698925,"4Q2020":68.4782608696,"1Q2021":66.6666666667},"% de empresas com 1 mulher em conselhos fiscais":{"2Q2016":26.9938650307,"3Q2016":25.9493670886,"4Q2016":26.0869565217,"1Q2017":29.2682926829,"2Q2017":29.6774193548,"3Q2017":30.625,"4Q2017":31.9018404908,"1Q2018":30.487804878,"2Q2018":27.8409090909,"3Q2018":27.7777777778,"4Q2018":29.0322580645,"1Q2019":27.868852459,"2Q2019":28.2608695652,"3Q2019":29.347826087,"4Q2019":27.1739130435,"1Q2020":28.0898876404,"2Q2020":27.1739130435,"3Q2020":25.8064516129,"4Q2020":25.5434782609,"1Q2021":27.3224043716},"% de empresas com 2 mulheres em conselhos fiscais":{"2Q2016":4.2944785276,"3Q2016":3.164556962,"4Q2016":2.4844720497,"1Q2017":2.4390243902,"2Q2017":3.2258064516,"3Q2017":3.75,"4Q2017":3.0674846626,"1Q2018":2.4390243902,"2Q2018":2.8409090909,"3Q2018":3.8888888889,"4Q2018":3.7634408602,"1Q2019":3.2786885246,"2Q2019":7.0652173913,"3Q2019":5.9782608696,"4Q2019":7.6086956522,"1Q2020":7.8651685393,"2Q2020":5.4347826087,"3Q2020":5.376344086,"4Q2020":5.4347826087,"1Q2021":5.4644808743},"% de empresas com 3 mulheres em conselhos fiscais":{"2Q2016":0.6134969325,"3Q2016":0.6329113924,"4Q2016":0.6211180124,"1Q2017":0.6097560976,"2Q2017":1.935483871,"3Q2017":1.875,"4Q2017":1.8404907975,"1Q2018":1.8292682927,"2Q2018":1.1363636364,"3Q2018":0.5555555556,"4Q2018":1.0752688172,"1Q2019":1.0928961749,"2Q2019":0.0,"3Q2019":0.5434782609,"4Q2019":0.5434782609,"1Q2020":0.0,"2Q2020":0.0,"3Q2020":0.5376344086,"4Q2020":0.5434782609,"1Q2021":0.5464480874},"% de empresas com mais de 3 mulheres em conselhos fiscais":{"2Q2016":0.0,"3Q2016":0.0,"4Q2016":0.6211180124,"1Q2017":0.6097560976,"2Q2017":0.0,"3Q2017":0.0,"4Q2017":0.0,"1Q2018":0.0,"2Q2018":0.0,"3Q2018":0.0,"4Q2018":0.0,"1Q2019":0.0,"2Q2019":0.0,"3Q2019":0.0,"4Q2019":0.0,"1Q2020":0.0,"2Q2020":0.0,"3Q2020":0.0,"4Q2020":0.0,"1Q2021":0.0},"N de empresas com 0 mulheres em diretorias":{"2Q2016":172,"3Q2016":166,"4Q2016":166,"1Q2017":178,"2Q2017":166,"3Q2017":182,"4Q2017":185,"1Q2018":181,"2Q2018":175,"3Q2018":177,"4Q2018":178,