Período do retorno,Retorno
YTD,0.003309716041156838161344717
LTM,0.115949021141700101650363455
Desde o início,0.544318440649590623712993177
